-- phpMyAdmin SQL Dump
-- version 5.2.1
-- https://www.phpmyadmin.net/
--
-- Host: 127.0.0.1
-- Generation Time: Jun 15, 2024 at 06:33 AM
-- Server version: 10.4.32-MariaDB
-- PHP Version: 8.0.30

SET SQL_MODE = "NO_AUTO_VALUE_ON_ZERO";
START TRANSACTION;
SET time_zone = "+00:00";


/*!40101 SET @OLD_CHARACTER_SET_CLIENT=@@CHARACTER_SET_CLIENT */;
/*!40101 SET @OLD_CHARACTER_SET_RESULTS=@@CHARACTER_SET_RESULTS */;
/*!40101 SET @OLD_COLLATION_CONNECTION=@@COLLATION_CONNECTION */;
/*!40101 SET NAMES utf8mb4 */;

--
-- Database: `health`
--

-- --------------------------------------------------------

--
-- Table structure for table `appointments`
--

CREATE TABLE `appointments` (
  `id` int(11) NOT NULL,
  `doctor_id` int(11) NOT NULL,
  `user_name` varchar(255) NOT NULL,
  `user_phone` varchar(20) NOT NULL,
  `user_address` varchar(255) NOT NULL,
  `date` date NOT NULL,
  `time` time NOT NULL,
  `status` enum('pending','accepted','rejected') DEFAULT 'pending',
  `p_id` int(10) DEFAULT NULL
) ENGINE=InnoDB DEFAULT CHARSET=utf8mb4 COLLATE=utf8mb4_general_ci;

--
-- Dumping data for table `appointments`
--

INSERT INTO `appointments` (`id`, `doctor_id`, `user_name`, `user_phone`, `user_address`, `date`, `time`, `status`, `p_id`) VALUES
(1, 6, 'Mahabub', '01601337085', 'City University', '2024-05-16', '20:00:00', 'accepted', NULL),
(2, 6, 'Mr Korim', '01718337085', 'City University', '2024-05-17', '19:00:00', 'pending', NULL),
(4, 6, 'MR XXXX', '01718337085', 'City University', '2024-05-18', '19:00:00', 'pending', 13),
(5, 6, 'Mr korim', '01718337085', 'City University', '2024-05-16', '05:06:00', 'pending', 13),
(9, 6, 'Mr Korim', '01718337085', 'Mirpur 1', '2024-06-15', '08:30:00', 'pending', 14),
(10, 6, 'Mr Korim', '01718337085', 'Mirpur 1', '2024-06-15', '08:30:00', 'pending', 14),
(11, 9, 'Mr Korim', '01718337085', 'Mirpur 1', '2024-06-14', '22:56:00', 'accepted', 14),
(12, 9, 'Mahbubul Huq', '01718337085', 'Mirpur 1', '2024-06-26', '10:10:00', 'accepted', 14),
(14, 9, 'Mr Korim', '01718337085', 'Mirpur 1', '2024-06-19', '14:22:00', 'accepted', 14),
(15, 9, 'Mr Ali', '01601337085', 'Khagan, Asulia', '2024-06-16', '12:30:00', 'accepted', 14);

-- --------------------------------------------------------

--
-- Table structure for table `doctors`
--

CREATE TABLE `doctors` (
  `id` int(11) NOT NULL,
  `password` varchar(255) NOT NULL,
  `phone` varchar(20) DEFAULT NULL,
  `address` varchar(255) DEFAULT NULL,
  `name` varchar(255) DEFAULT NULL,
  `email` varchar(255) NOT NULL,
  `role` varchar(20) NOT NULL,
  `specialization` varchar(255) DEFAULT NULL
) ENGINE=InnoDB DEFAULT CHARSET=utf8mb4 COLLATE=utf8mb4_general_ci;

--
-- Dumping data for table `doctors`
--

INSERT INTO `doctors` (`id`, `password`, `phone`, `address`, `name`, `email`, `role`, `specialization`) VALUES
(6, '$2y$10$BirvhATy3do49WDbJiEaP.qRBQ.iPlyVIktcqtIIX2jJO3o6.v1IS', '01718337085', 'City University', 'Mr Been', 'been@gmail.com', 'doctors', 'Emergency physician'),
(9, '$2y$10$zAWbryBxz.ah/bNW0/U1U.V7gxmcX6RRyIl9Fgj3aGmOY6PSYQ/0e', '01718337085', 'Mirpur 1', 'Eamin', 'e@gmail.com', 'doctors', 'cardiologist');

-- --------------------------------------------------------

--
-- Table structure for table `health_data`
--

CREATE TABLE `health_data` (
  `id` int(11) NOT NULL,
  `humidity` float DEFAULT NULL,
  `temperature` float DEFAULT NULL,
  `ecgValue` int(11) DEFAULT NULL,
  `bodyTemp` float DEFAULT NULL,
  `SpO2` int(11) DEFAULT NULL,
  `bpm` float DEFAULT NULL,
  `timestamp` timestamp NOT NULL DEFAULT current_timestamp()
) ENGINE=InnoDB DEFAULT CHARSET=utf8mb4 COLLATE=utf8mb4_general_ci;

--
-- Dumping data for table `health_data`
--

INSERT INTO `health_data` (`id`, `humidity`, `temperature`, `ecgValue`, `bodyTemp`, `SpO2`, `bpm`, `timestamp`) VALUES
(0, 0, 0, 0, 0, 0, 0, '2024-05-16 08:34:20'),
(0, 0, 0, 0, 0, 0, 0, '2024-05-16 08:34:20'),
(0, 0, 0, 0, 0, 0, 0, '2024-05-16 08:34:20'),
(0, 0, 0, 0, 0, 0, 0, '2024-05-16 08:34:20'),
(0, 0, 0, 0, 0, 0, 0, '2024-05-16 08:34:20'),
(0, 0, 0, 0, 0, 0, 0, '2024-05-16 08:34:20'),
(0, 0, 0, 0, 0, 0, 0, '2024-05-16 08:34:21'),
(0, 59, 35.2, 7, 34.75, 0, 4294970000, '2024-05-16 08:35:40'),
(0, 59, 35.2, 7, 34.75, 0, 4294970000, '2024-05-16 08:35:41'),
(0, 58, 35.2, 7, 34.81, 0, 4294970000, '2024-05-16 08:35:42'),
(0, 58, 35.2, 7, 34.81, 0, 4294970000, '2024-05-16 08:35:44'),
(0, 58, 35.2, 7, 34.75, 0, 4294970000, '2024-05-16 08:35:45'),
(0, 58, 35.2, 7, 34.75, 0, 4294970000, '2024-05-16 08:35:45'),
(0, 58, 35.2, 7, 34.75, 0, 4294970000, '2024-05-16 08:35:46'),
(0, 58, 35.2, 7, 34.75, 0, 4294970000, '2024-05-16 08:35:47'),
(0, 58, 35.2, 7, 34.75, 0, 4294970000, '2024-05-16 08:35:49'),
(0, 58, 35.2, 7, 34.75, 0, 4294970000, '2024-05-16 08:35:50'),
(0, 58, 35.2, 7, 34.75, 0, 4294970000, '2024-05-16 08:35:51'),
(0, 58, 35.2, 7, 34.75, 0, 4294970000, '2024-05-16 08:35:52'),
(0, 58, 35.2, 7, 34.75, 62, 42, '2024-05-16 08:35:53'),
(0, 58, 35.2, 7, 34.75, 78, 53, '2024-05-16 08:35:54'),
(0, 58, 35.2, 6, 34.75, 79, 54, '2024-05-16 08:35:55'),
(0, 58, 35.2, 7, 34.75, 80, 55, '2024-05-16 08:35:56'),
(0, 58, 35.2, 7, 34.75, 77, 52, '2024-05-16 08:35:58'),
(0, 58, 35.2, 7, 34.75, 77, 52, '2024-05-16 08:36:00'),
(0, 58, 35.2, 7, 34.75, 79, 54, '2024-05-16 08:36:00'),
(0, 58, 35.2, 7, 34.81, 79, 54, '2024-05-16 08:36:01'),
(0, 59, 35.2, 7, 34.75, 79, 54, '2024-05-16 08:36:03'),
(0, 59, 35.2, 7, 34.75, 74, 49, '2024-05-16 08:36:04'),
(0, 58, 35.2, 7, 34.81, 77, 52, '2024-05-16 08:36:05'),
(0, 58, 35.2, 7, 34.81, 78, 53, '2024-05-16 08:36:07'),
(0, 58, 35.2, 6, 34.75, 78, 53, '2024-05-16 08:36:09'),
(0, 58, 35.2, 7, 34.75, 78, 53, '2024-05-16 08:36:11'),
(0, 58, 35.2, 7, 34.75, 78, 53, '2024-05-16 08:36:12'),
(0, 58, 35.2, 7, 34.75, 65, 44, '2024-05-16 08:36:14'),
(0, 58, 35.2, 7, 34.75, 76, 51, '2024-05-16 08:36:16'),
(0, 58, 35.2, 7, 34.75, 76, 51, '2024-05-16 08:36:18'),
(0, 58, 35.2, 7, 34.75, 76, 51, '2024-05-16 08:36:19'),
(0, 58, 35.2, 7, 34.75, 76, 51, '2024-05-16 08:36:20'),
(0, 58, 35.2, 7, 34.75, 76, 51, '2024-05-16 08:36:22'),
(0, 58, 35.2, 7, 34.75, 76, 51, '2024-05-16 08:36:23'),
(0, 58, 35.2, 7, 34.75, 77, 52, '2024-05-16 08:36:24'),
(0, 58, 35.2, 7, 34.75, 77, 52, '2024-05-16 08:36:25'),
(0, 58, 35.2, 6, 34.75, 77, 52, '2024-05-16 08:36:26'),
(0, 58, 35.2, 6, 34.75, 77, 52, '2024-05-16 08:36:27'),
(0, 58, 35.2, 7, 34.75, 71, 46, '2024-05-16 08:36:31'),
(0, 58, 35.2, 7, 34.75, 71, 46, '2024-05-16 08:36:32'),
(0, 58, 35.2, 7, 34.75, 71, 45, '2024-05-16 08:36:32'),
(0, 58, 35.2, 6, 34.75, 72, 47, '2024-05-16 08:36:33'),
(0, 58, 35.2, 7, 34.75, 61, 36, '2024-05-16 08:36:35'),
(0, 58, 35.2, 7, 34.69, 69, 44, '2024-05-16 08:36:36'),
(0, 58, 35.2, 7, 34.75, 69, 44, '2024-05-16 08:36:37'),
(0, 58, 35.2, 7, 34.75, 70, 45, '2024-05-16 08:36:39'),
(0, 58, 35.2, 7, 34.75, 66, 41, '2024-05-16 08:36:40'),
(0, 58, 35.2, 7, 34.75, 73, 48, '2024-05-16 08:36:41'),
(0, 58, 35.2, 6, 34.75, 74, 49, '2024-05-16 08:36:42'),
(0, 58, 35.2, 7, 34.75, 0, 4294970000, '2024-05-16 08:36:43'),
(0, 58, 35.2, 7, 34.75, 0, 4294970000, '2024-05-16 08:36:45'),
(0, 58, 35.2, 6, 34.75, 0, 4294970000, '2024-05-16 08:36:46'),
(0, 58, 35.2, 7, 34.75, 0, 4294970000, '2024-05-16 08:36:47'),
(0, 58, 35.2, 7, 34.75, 0, 4294970000, '2024-05-16 08:36:48'),
(0, 58, 35.2, 7, 34.75, 0, 4294970000, '2024-05-16 08:36:49'),
(0, 58, 35.2, 7, 34.75, 0, 4294970000, '2024-05-16 08:36:50'),
(0, 58, 35.2, 7, 34.75, 0, 4294970000, '2024-05-16 08:36:52'),
(0, 58, 35.2, 6, 34.75, 0, 4294970000, '2024-05-16 08:36:53'),
(0, 58, 35.2, 7, 34.75, 0, 4294970000, '2024-05-16 08:36:54'),
(0, 58, 35.2, 7, 34.75, 0, 4294970000, '2024-05-16 08:36:55'),
(0, 58, 35.2, 6, 34.75, 0, 4294970000, '2024-05-16 08:36:56'),
(0, 58, 35.2, 6, 34.75, 0, 4294970000, '2024-05-16 08:36:58'),
(0, 58, 35.2, 7, 34.75, 0, 4294970000, '2024-05-16 08:36:59'),
(0, 58, 35.2, 6, 34.75, 0, 4294970000, '2024-05-16 08:37:00'),
(0, 58, 35.2, 7, 34.75, 0, 4294970000, '2024-05-16 08:37:01'),
(0, 58, 35.2, 7, 34.75, 0, 4294970000, '2024-05-16 08:37:02'),
(0, 58, 35.2, 6, 34.75, 0, 4294970000, '2024-05-16 08:37:03'),
(0, 58, 35.2, 6, 34.75, 0, 4294970000, '2024-05-16 08:37:04'),
(0, 58, 35.2, 7, 34.75, 0, 4294970000, '2024-05-16 08:37:05'),
(0, 58, 35.2, 6, 34.75, 0, 4294970000, '2024-05-16 08:37:06'),
(0, 58, 35.2, 7, 34.75, 0, 4294970000, '2024-05-16 08:37:08'),
(0, 58, 35.2, 7, 34.75, 0, 4294970000, '2024-05-16 08:37:10'),
(0, 58, 35.2, 6, 34.69, 0, 4294970000, '2024-05-16 08:37:11'),
(0, 58, 35.2, 7, 34.75, 0, 4294970000, '2024-05-16 08:37:13'),
(0, 58, 35.2, 7, 34.75, 0, 4294970000, '2024-05-16 08:37:14'),
(0, 58, 35.2, 6, 34.75, 0, 4294970000, '2024-05-16 08:37:17'),
(0, 58, 35.2, 7, 34.69, 0, 4294970000, '2024-05-16 08:37:18'),
(0, 58, 35.2, 7, 34.69, 0, 4294970000, '2024-05-16 08:37:20'),
(0, 0, 0, 0, 0, 0, 0, '2024-05-16 08:37:22'),
(0, 58, 35.2, 7, 34.69, 0, 4294970000, '2024-05-16 08:37:22'),
(0, 58, 35.2, 7, 34.69, 0, 4294970000, '2024-05-16 08:37:24'),
(0, 58, 35.2, 7, 34.69, 0, 4294970000, '2024-05-16 08:37:25'),
(0, 0, 0, 0, 0, 0, 0, '2024-05-16 08:37:27'),
(0, 58, 35.2, 7, 34.69, 0, 4294970000, '2024-05-16 08:37:30'),
(0, 58, 35.2, 7, 34.69, 0, 4294970000, '2024-05-16 08:37:32'),
(0, 58, 35.2, 7, 34.69, 0, 4294970000, '2024-05-16 08:37:34'),
(0, 57, 35.2, 7, 34.69, 0, 4294970000, '2024-05-16 08:37:36'),
(0, 57, 35.2, 7, 34.69, 0, 4294970000, '2024-05-16 08:37:38'),
(0, 57, 35.2, 7, 34.75, 0, 4294970000, '2024-05-16 08:37:39'),
(0, 57, 35.2, 7, 34.75, 0, 4294970000, '2024-05-16 08:37:40'),
(0, 57, 35.2, 6, 34.69, 0, 4294970000, '2024-05-16 08:37:43'),
(0, 57, 35.2, 7, 34.69, 0, 4294970000, '2024-05-16 08:37:45'),
(0, 57, 35.2, 6, 34.69, 0, 4294970000, '2024-05-16 08:37:46'),
(0, 57, 35.2, 7, 34.69, 0, 4294970000, '2024-05-16 08:37:47'),
(0, 57, 35.2, 7, 34.69, 0, 4294970000, '2024-05-16 08:37:49'),
(0, 57, 35.2, 7, 34.75, 0, 4294970000, '2024-05-16 08:37:50'),
(0, 57, 35.2, 7, 34.75, 0, 4294970000, '2024-05-16 08:37:52'),
(0, 57, 35.2, 7, 34.75, 0, 4294970000, '2024-05-16 08:37:53'),
(0, 57, 35.2, 7, 34.75, 0, 4294970000, '2024-05-16 08:37:54'),
(0, 57, 35.2, 7, 34.75, 0, 4294970000, '2024-05-16 08:37:56'),
(0, 57, 35.2, 7, 34.75, 0, 4294970000, '2024-05-16 08:37:57'),
(0, 57, 35.2, 7, 34.75, 0, 4294970000, '2024-05-16 08:37:58'),
(0, 57, 35.2, 7, 34.75, 0, 4294970000, '2024-05-16 08:37:59'),
(0, 57, 35.2, 7, 34.75, 0, 4294970000, '2024-05-16 08:38:00'),
(0, 57, 35.2, 6, 34.69, 0, 4294970000, '2024-05-16 08:38:01'),
(0, 57, 35.2, 7, 34.69, 0, 4294970000, '2024-05-16 08:38:02'),
(0, 57, 35.2, 7, 34.75, 0, 4294970000, '2024-05-16 08:38:04'),
(0, 57, 35.2, 7, 34.75, 0, 4294970000, '2024-05-16 08:38:05'),
(0, 57, 35.2, 7, 34.75, 0, 4294970000, '2024-05-16 08:38:06'),
(0, 57, 35.2, 7, 34.75, 0, 4294970000, '2024-05-16 08:38:07'),
(0, 57, 35.2, 7, 34.81, 0, 4294970000, '2024-05-16 08:38:07'),
(0, 57, 35.2, 7, 34.75, 0, 4294970000, '2024-05-16 08:38:08'),
(0, 57, 35.2, 7, 34.75, 0, 4294970000, '2024-05-16 08:38:09'),
(0, 57, 35.2, 7, 34.75, 0, 4294970000, '2024-05-16 08:38:10'),
(0, 57, 35.2, 7, 34.75, 0, 4294970000, '2024-05-16 08:38:11'),
(0, 57, 35.2, 6, 34.75, 0, 4294970000, '2024-05-16 08:38:13'),
(0, 57, 35.2, 6, 34.75, 0, 4294970000, '2024-05-16 08:38:15'),
(0, 57, 35.2, 7, 34.75, 0, 4294970000, '2024-05-16 08:38:16'),
(0, 57, 35.2, 7, 34.75, 0, 4294970000, '2024-05-16 08:38:17'),
(0, 57, 35.2, 7, 34.75, 0, 4294970000, '2024-05-16 08:38:19'),
(0, 57, 35.2, 7, 34.69, 0, 4294970000, '2024-05-16 08:38:20'),
(0, 57, 35.2, 7, 34.75, 0, 4294970000, '2024-05-16 08:38:21'),
(0, 57, 35.2, 7, 34.69, 0, 4294970000, '2024-05-16 08:38:23'),
(0, 57, 35.2, 7, 34.75, 0, 4294970000, '2024-05-16 08:38:24'),
(0, 57, 35.2, 6, 34.75, 0, 4294970000, '2024-05-16 08:38:26'),
(0, 57, 35.2, 7, 34.75, 0, 4294970000, '2024-05-16 08:38:27'),
(0, 57, 35.2, 7, 34.75, 0, 4294970000, '2024-05-16 08:38:29'),
(0, 57, 35.2, 6, 34.75, 0, 4294970000, '2024-05-16 08:38:30'),
(0, 57, 35.2, 7, 34.75, 0, 4294970000, '2024-05-16 08:38:31'),
(0, 57, 35.2, 7, 34.75, 0, 4294970000, '2024-05-16 08:38:32'),
(0, 57, 35.2, 6, 34.75, 0, 4294970000, '2024-05-16 08:38:33'),
(0, 57, 35.2, 7, 34.75, 0, 4294970000, '2024-05-16 08:38:34'),
(0, 57, 35.2, 7, 34.75, 0, 4294970000, '2024-05-16 08:38:36'),
(0, 57, 35.2, 6, 34.75, 0, 4294970000, '2024-05-16 08:38:37'),
(0, 57, 35.2, 7, 34.75, 0, 4294970000, '2024-05-16 08:38:38'),
(0, 57, 35.2, 7, 34.81, 0, 4294970000, '2024-05-16 08:38:39'),
(0, 57, 35.2, 6, 34.75, 0, 4294970000, '2024-05-16 08:38:40'),
(0, 57, 35.2, 7, 34.75, 0, 4294970000, '2024-05-16 08:38:41'),
(0, 57, 35.2, 7, 34.75, 0, 4294970000, '2024-05-16 08:38:43'),
(0, 57, 35.2, 7, 34.75, 0, 4294970000, '2024-05-16 08:38:44'),
(0, 57, 35.2, 7, 34.75, 0, 4294970000, '2024-05-16 08:38:45'),
(0, 57, 35.2, 7, 34.75, 0, 4294970000, '2024-05-16 08:38:46'),
(0, 57, 35.2, 7, 34.75, 0, 4294970000, '2024-05-16 08:38:47'),
(0, 57, 35.2, 7, 34.75, 0, 4294970000, '2024-05-16 08:38:48'),
(0, 57, 35.2, 7, 34.75, 0, 4294970000, '2024-05-16 08:38:49'),
(0, 57, 35.2, 7, 34.75, 0, 4294970000, '2024-05-16 08:38:50'),
(0, 57, 35.2, 7, 34.75, 0, 4294970000, '2024-05-16 08:38:51'),
(0, 57, 35.2, 7, 34.75, 0, 4294970000, '2024-05-16 08:38:52'),
(0, 57, 35.2, 6, 34.69, 0, 4294970000, '2024-05-16 08:38:53'),
(0, 57, 35.2, 7, 34.75, 0, 4294970000, '2024-05-16 08:38:54'),
(0, 57, 35.2, 6, 34.75, 0, 4294970000, '2024-05-16 08:38:55'),
(0, 57, 35.2, 6, 34.75, 0, 4294970000, '2024-05-16 08:38:56'),
(0, 57, 35.2, 7, 34.75, 0, 4294970000, '2024-05-16 08:38:57'),
(0, 57, 35.2, 6, 34.75, 0, 4294970000, '2024-05-16 08:38:58'),
(0, 57, 35.2, 6, 34.75, 0, 4294970000, '2024-05-16 08:38:59'),
(0, 57, 35.2, 6, 34.75, 0, 4294970000, '2024-05-16 08:39:00'),
(0, 57, 35.2, 7, 34.75, 0, 4294970000, '2024-05-16 08:39:01'),
(0, 57, 35.2, 7, 34.75, 0, 4294970000, '2024-05-16 08:39:02'),
(0, 57, 35.2, 7, 34.75, 0, 4294970000, '2024-05-16 08:39:03'),
(0, 57, 35.2, 7, 34.75, 0, 4294970000, '2024-05-16 08:39:04'),
(0, 57, 35.2, 6, 34.75, 0, 4294970000, '2024-05-16 08:39:05'),
(0, 57, 35.2, 7, 34.75, 0, 4294970000, '2024-05-16 08:39:06'),
(0, 57, 35.2, 7, 34.75, 0, 4294970000, '2024-05-16 08:39:07'),
(0, 57, 35.2, 7, 34.75, 0, 4294970000, '2024-05-16 08:39:08'),
(0, 57, 35.2, 6, 34.75, 0, 4294970000, '2024-05-16 08:39:10'),
(0, 57, 35.2, 6, 34.75, 0, 4294970000, '2024-05-16 08:39:11'),
(0, 57, 35.4, 6, 34.75, 0, 4294970000, '2024-05-16 08:39:12'),
(0, 57, 35.4, 7, 34.75, 0, 4294970000, '2024-05-16 08:39:13'),
(0, 57, 35.4, 7, 34.75, 0, 4294970000, '2024-05-16 08:39:14'),
(0, 57, 35.5, 7, 34.75, 0, 4294970000, '2024-05-16 08:39:15'),
(0, 57, 35.5, 7, 34.75, 0, 4294970000, '2024-05-16 08:39:16'),
(0, 57, 35.5, 6, 34.75, 0, 4294970000, '2024-05-16 08:39:17'),
(0, 57, 35.5, 7, 34.75, 0, 4294970000, '2024-05-16 08:39:18'),
(0, 57, 35.5, 7, 34.75, 0, 4294970000, '2024-05-16 08:39:19'),
(0, 57, 35.6, 7, 34.75, 0, 4294970000, '2024-05-16 08:39:20'),
(0, 57, 35.6, 7, 34.75, 0, 4294970000, '2024-05-16 08:39:21'),
(0, 57, 35.6, 7, 34.69, 0, 4294970000, '2024-05-16 08:39:22'),
(0, 57, 35.6, 7, 34.75, 0, 4294970000, '2024-05-16 08:39:23'),
(0, 57, 35.6, 6, 34.75, 0, 4294970000, '2024-05-16 08:39:24'),
(0, 57, 35.6, 7, 34.75, 0, 4294970000, '2024-05-16 08:39:25'),
(0, 57, 35.6, 7, 34.75, 0, 4294970000, '2024-05-16 08:39:26'),
(0, 57, 35.6, 7, 34.75, 0, 4294970000, '2024-05-16 08:39:27'),
(0, 57, 35.6, 7, 34.75, 0, 4294970000, '2024-05-16 08:39:28'),
(0, 57, 35.6, 6, 34.75, 0, 4294970000, '2024-05-16 08:39:29'),
(0, 57, 35.6, 7, 34.75, 0, 4294970000, '2024-05-16 08:39:30'),
(0, 57, 35.6, 7, 34.75, 0, 4294970000, '2024-05-16 08:39:31'),
(0, 57, 35.6, 7, 34.75, 0, 4294970000, '2024-05-16 08:39:32'),
(0, 57, 35.6, 7, 34.75, 0, 4294970000, '2024-05-16 08:39:33'),
(0, 57, 35.6, 7, 34.75, 0, 4294970000, '2024-05-16 08:39:34'),
(0, 57, 35.6, 7, 34.75, 0, 4294970000, '2024-05-16 08:39:35'),
(0, 57, 35.6, 7, 34.75, 0, 4294970000, '2024-05-16 08:39:36'),
(0, 57, 35.6, 6, 34.75, 0, 4294970000, '2024-05-16 08:39:37'),
(0, 57, 35.6, 7, 34.75, 0, 4294970000, '2024-05-16 08:39:38'),
(0, 57, 35.6, 7, 34.75, 0, 4294970000, '2024-05-16 08:39:39'),
(0, 57, 35.6, 7, 34.75, 0, 4294970000, '2024-05-16 08:39:40'),
(0, 57, 35.6, 6, 34.81, 0, 4294970000, '2024-05-16 08:39:41'),
(0, 57, 35.6, 6, 34.75, 0, 4294970000, '2024-05-16 08:39:42'),
(0, 57, 35.6, 6, 34.75, 0, 4294970000, '2024-05-16 08:39:43'),
(0, 57, 35.6, 6, 34.81, 0, 4294970000, '2024-05-16 08:39:44'),
(0, 57, 35.6, 6, 34.75, 0, 4294970000, '2024-05-16 08:39:45'),
(0, 57, 35.6, 6, 34.81, 0, 4294970000, '2024-05-16 08:39:46'),
(0, 57, 35.6, 7, 34.75, 0, 4294970000, '2024-05-16 08:39:47'),
(0, 57, 35.6, 6, 34.81, 0, 4294970000, '2024-05-16 08:39:48'),
(0, 57, 35.6, 6, 34.81, 0, 4294970000, '2024-05-16 08:39:49'),
(0, 57, 35.6, 7, 34.75, 0, 4294970000, '2024-05-16 08:39:50'),
(0, 57, 35.6, 7, 34.75, 0, 4294970000, '2024-05-16 08:39:50'),
(0, 57, 35.6, 7, 34.75, 0, 4294970000, '2024-05-16 08:39:51'),
(0, 57, 35.6, 6, 34.75, 0, 4294970000, '2024-05-16 08:39:52'),
(0, 57, 35.6, 7, 34.75, 0, 4294970000, '2024-05-16 08:39:53'),
(0, 57, 35.6, 6, 34.75, 0, 4294970000, '2024-05-16 08:39:54'),
(0, 57, 35.6, 7, 34.81, 0, 4294970000, '2024-05-16 08:39:55'),
(0, 57, 35.6, 7, 34.81, 0, 4294970000, '2024-05-16 08:39:56'),
(0, 57, 35.6, 7, 34.81, 0, 4294970000, '2024-05-16 08:40:00'),
(0, 57, 35.6, 7, 34.75, 0, 4294970000, '2024-05-16 08:40:01'),
(0, 57, 35.6, 7, 34.75, 0, 4294970000, '2024-05-16 08:40:02'),
(0, 57, 35.6, 7, 34.81, 0, 4294970000, '2024-05-16 08:40:03'),
(0, 57, 35.3, 7, 34.81, 0, 4294970000, '2024-05-16 08:40:04'),
(0, 57, 35.3, 7, 34.75, 0, 4294970000, '2024-05-16 08:40:05'),
(0, 57, 35.3, 7, 34.75, 0, 4294970000, '2024-05-16 08:40:06'),
(0, 57, 35.2, 7, 34.75, 0, 4294970000, '2024-05-16 08:40:07'),
(0, 57, 35.2, 7, 34.81, 0, 4294970000, '2024-05-16 08:40:08'),
(0, 57, 35.2, 7, 34.81, 0, 4294970000, '2024-05-16 08:40:09'),
(0, 57, 35.2, 6, 34.75, 0, 4294970000, '2024-05-16 08:40:10'),
(0, 57, 35.2, 7, 34.75, 0, 4294970000, '2024-05-16 08:40:10'),
(0, 57, 35.2, 6, 34.81, 0, 4294970000, '2024-05-16 08:40:11'),
(0, 57, 35.2, 6, 34.75, 0, 4294970000, '2024-05-16 08:40:13'),
(0, 57, 35.2, 7, 34.81, 0, 4294970000, '2024-05-16 08:40:14'),
(0, 57, 35.2, 7, 34.81, 0, 4294970000, '2024-05-16 08:40:15'),
(0, 57, 35.2, 7, 34.75, 0, 4294970000, '2024-05-16 08:40:16'),
(0, 57, 35.2, 7, 34.75, 0, 4294970000, '2024-05-16 08:40:17'),
(0, 57, 35.2, 7, 34.81, 0, 4294970000, '2024-05-16 08:40:18'),
(0, 57, 35.2, 7, 34.75, 0, 4294970000, '2024-05-16 08:40:19'),
(0, 57, 35.2, 7, 34.75, 0, 4294970000, '2024-05-16 08:40:20'),
(0, 57, 35.2, 6, 34.81, 0, 4294970000, '2024-05-16 08:40:21'),
(0, 57, 35.3, 7, 34.75, 0, 4294970000, '2024-05-16 08:40:22'),
(0, 57, 35.3, 7, 34.81, 0, 4294970000, '2024-05-16 08:40:23'),
(0, 57, 35.3, 7, 34.75, 0, 4294970000, '2024-05-16 08:40:27'),
(0, 57, 35.4, 6, 34.75, 0, 4294970000, '2024-05-16 08:40:27'),
(0, 57, 35.4, 6, 34.75, 0, 4294970000, '2024-05-16 08:40:28'),
(0, 57, 35.4, 6, 34.81, 0, 4294970000, '2024-05-16 08:40:29'),
(0, 57, 35.4, 7, 34.81, 0, 4294970000, '2024-05-16 08:40:29'),
(0, 57, 35.4, 7, 34.81, 0, 4294970000, '2024-05-16 08:40:30'),
(0, 57, 35.5, 6, 34.81, 0, 4294970000, '2024-05-16 08:40:31'),
(0, 57, 35.5, 6, 34.81, 0, 4294970000, '2024-05-16 08:40:32'),
(0, 57, 35.6, 6, 34.81, 0, 4294970000, '2024-05-16 08:40:33'),
(0, 57, 35.6, 6, 34.75, 0, 4294970000, '2024-05-16 08:40:34'),
(0, 57, 35.6, 7, 34.81, 0, 4294970000, '2024-05-16 08:40:35'),
(0, 57, 35.6, 7, 34.81, 0, 4294970000, '2024-05-16 08:40:37'),
(0, 57, 35.6, 7, 34.81, 0, 4294970000, '2024-05-16 08:40:38'),
(0, 57, 35.6, 7, 34.81, 0, 4294970000, '2024-05-16 08:40:39'),
(0, 57, 35.6, 7, 34.81, 0, 4294970000, '2024-05-16 08:40:40'),
(0, 57, 35.6, 7, 34.75, 0, 4294970000, '2024-05-16 08:40:41'),
(0, 57, 35.6, 7, 34.75, 0, 4294970000, '2024-05-16 08:40:42'),
(0, 57, 35.6, 7, 34.75, 0, 4294970000, '2024-05-16 08:40:43'),
(0, 57, 35.6, 7, 34.75, 0, 4294970000, '2024-05-16 08:40:44'),
(0, 57, 35.6, 7, 34.75, 0, 4294970000, '2024-05-16 08:40:45'),
(0, 57, 35.6, 6, 34.81, 0, 4294970000, '2024-05-16 08:40:45'),
(0, 57, 35.6, 7, 34.75, 0, 4294970000, '2024-05-16 08:40:46'),
(0, 57, 35.6, 7, 34.81, 0, 4294970000, '2024-05-16 08:40:48'),
(0, 57, 35.6, 7, 34.81, 0, 4294970000, '2024-05-16 08:40:49'),
(0, 57, 35.6, 7, 34.81, 0, 4294970000, '2024-05-16 08:40:49'),
(0, 57, 35.6, 6, 34.81, 0, 4294970000, '2024-05-16 08:40:50'),
(0, 57, 35.6, 6, 34.81, 0, 4294970000, '2024-05-16 08:40:51'),
(0, 57, 35.6, 7, 34.81, 0, 4294970000, '2024-05-16 08:40:53'),
(0, 57, 35.6, 7, 34.81, 0, 4294970000, '2024-05-16 08:40:53'),
(0, 57, 35.6, 6, 34.81, 0, 4294970000, '2024-05-16 08:40:54'),
(0, 57, 35.6, 7, 34.81, 0, 4294970000, '2024-05-16 08:40:55'),
(0, 57, 35.6, 7, 34.81, 0, 4294970000, '2024-05-16 08:40:56'),
(0, 57, 35.6, 6, 34.81, 0, 4294970000, '2024-05-16 08:40:57'),
(0, 57, 35.6, 6, 34.81, 0, 4294970000, '2024-05-16 08:40:59'),
(0, 57, 35.6, 7, 34.75, 0, 4294970000, '2024-05-16 08:41:00'),
(0, 57, 35.6, 7, 34.81, 0, 4294970000, '2024-05-16 08:41:01'),
(0, 57, 35.6, 7, 34.75, 0, 4294970000, '2024-05-16 08:41:02'),
(0, 57, 35.6, 7, 34.81, 0, 4294970000, '2024-05-16 08:41:03'),
(0, 57, 35.6, 6, 34.81, 0, 4294970000, '2024-05-16 08:41:04'),
(0, 57, 35.6, 7, 34.81, 0, 4294970000, '2024-05-16 08:41:05'),
(0, 57, 35.6, 6, 34.81, 0, 4294970000, '2024-05-16 08:41:06'),
(0, 57, 35.6, 7, 34.75, 0, 4294970000, '2024-05-16 08:41:07'),
(0, 57, 35.6, 7, 34.75, 0, 4294970000, '2024-05-16 08:41:08'),
(0, 57, 35.6, 6, 34.81, 0, 4294970000, '2024-05-16 08:41:10'),
(0, 57, 35.6, 7, 34.75, 0, 4294970000, '2024-05-16 08:41:11'),
(0, 57, 35.6, 7, 34.81, 0, 4294970000, '2024-05-16 08:41:13'),
(0, 57, 35.6, 6, 34.81, 0, 4294970000, '2024-05-16 08:41:14'),
(0, 57, 35.6, 7, 34.75, 0, 4294970000, '2024-05-16 08:41:15'),
(0, 57, 35.6, 7, 34.75, 0, 4294970000, '2024-05-16 08:41:16'),
(0, 57, 35.6, 7, 34.81, 0, 4294970000, '2024-05-16 08:41:17'),
(0, 57, 35.6, 7, 34.81, 0, 4294970000, '2024-05-16 08:41:18'),
(0, 57, 35.6, 6, 34.75, 0, 4294970000, '2024-05-16 08:41:19'),
(0, 57, 35.6, 7, 34.75, 0, 4294970000, '2024-05-16 08:41:20'),
(0, 57, 35.6, 7, 34.81, 0, 4294970000, '2024-05-16 08:41:21'),
(0, 57, 35.6, 6, 34.75, 0, 4294970000, '2024-05-16 08:41:22'),
(0, 57, 35.6, 7, 34.81, 0, 4294970000, '2024-05-16 08:41:23'),
(0, 57, 35.6, 7, 34.81, 0, 4294970000, '2024-05-16 08:41:24'),
(0, 57, 35.6, 6, 34.81, 0, 4294970000, '2024-05-16 08:41:25'),
(0, 57, 35.6, 7, 34.81, 0, 4294970000, '2024-05-16 08:41:26'),
(0, 57, 35.6, 7, 34.81, 0, 4294970000, '2024-05-16 08:41:27'),
(0, 57, 35.6, 6, 34.81, 0, 4294970000, '2024-05-16 08:41:28'),
(0, 57, 35.6, 6, 34.81, 0, 4294970000, '2024-05-16 08:41:29'),
(0, 57, 35.6, 7, 34.81, 0, 4294970000, '2024-05-16 08:41:30'),
(0, 57, 35.6, 7, 34.75, 0, 4294970000, '2024-05-16 08:41:31'),
(0, 57, 35.6, 7, 34.81, 0, 4294970000, '2024-05-16 08:41:32'),
(0, 57, 35.6, 6, 34.81, 0, 4294970000, '2024-05-16 08:41:33'),
(0, 57, 35.6, 6, 34.75, 0, 4294970000, '2024-05-16 08:41:34'),
(0, 57, 35.6, 6, 34.75, 0, 4294970000, '2024-05-16 08:41:35'),
(0, 57, 35.6, 7, 34.81, 0, 4294970000, '2024-05-16 08:41:36'),
(0, 57, 35.6, 7, 34.75, 0, 4294970000, '2024-05-16 08:41:37'),
(0, 57, 35.6, 7, 34.75, 0, 4294970000, '2024-05-16 08:41:38'),
(0, 57, 35.6, 7, 34.75, 0, 4294970000, '2024-05-16 08:41:39'),
(0, 57, 35.6, 6, 34.75, 0, 4294970000, '2024-05-16 08:41:40'),
(0, 57, 35.6, 7, 34.75, 0, 4294970000, '2024-05-16 08:41:40'),
(0, 57, 35.6, 7, 34.75, 0, 4294970000, '2024-05-16 08:41:42'),
(0, 57, 35.6, 6, 34.81, 0, 4294970000, '2024-05-16 08:41:43'),
(0, 57, 35.6, 6, 34.81, 0, 4294970000, '2024-05-16 08:41:43'),
(0, 57, 35.6, 6, 34.81, 0, 4294970000, '2024-05-16 08:41:44'),
(0, 57, 35.6, 6, 34.75, 0, 4294970000, '2024-05-16 08:41:45'),
(0, 57, 35.6, 6, 34.75, 0, 4294970000, '2024-05-16 08:41:47'),
(0, 57, 35.6, 7, 34.75, 0, 4294970000, '2024-05-16 08:41:48'),
(0, 57, 35.6, 6, 34.75, 0, 4294970000, '2024-05-16 08:41:49'),
(0, 57, 35.6, 7, 34.75, 0, 4294970000, '2024-05-16 08:41:50'),
(0, 57, 35.6, 6, 34.81, 0, 4294970000, '2024-05-16 08:41:51'),
(0, 57, 35.6, 7, 34.75, 0, 4294970000, '2024-05-16 08:41:52'),
(0, 57, 35.6, 6, 34.75, 0, 4294970000, '2024-05-16 08:41:53'),
(0, 57, 35.6, 7, 34.81, 0, 4294970000, '2024-05-16 08:41:54'),
(0, 57, 35.6, 7, 34.75, 0, 4294970000, '2024-05-16 08:41:55'),
(0, 57, 35.6, 6, 34.81, 0, 4294970000, '2024-05-16 08:41:56'),
(0, 57, 35.6, 7, 34.81, 0, 4294970000, '2024-05-16 08:41:58'),
(0, 57, 35.6, 6, 34.81, 0, 4294970000, '2024-05-16 08:41:59'),
(0, 57, 35.6, 7, 34.81, 0, 4294970000, '2024-05-16 08:42:00'),
(0, 57, 35.6, 6, 34.81, 0, 4294970000, '2024-05-16 08:42:01'),
(0, 57, 35.6, 7, 34.75, 0, 4294970000, '2024-05-16 08:42:02'),
(0, 57, 35.6, 7, 34.81, 0, 4294970000, '2024-05-16 08:42:03'),
(0, 57, 35.6, 7, 34.75, 0, 4294970000, '2024-05-16 08:42:04'),
(0, 57, 35.6, 7, 34.81, 0, 4294970000, '2024-05-16 08:42:05'),
(0, 57, 35.6, 6, 34.81, 0, 4294970000, '2024-05-16 08:42:06'),
(0, 57, 35.6, 6, 34.81, 0, 4294970000, '2024-05-16 08:42:07'),
(0, 57, 35.6, 7, 34.81, 0, 4294970000, '2024-05-16 08:42:08'),
(0, 57, 35.6, 7, 34.81, 0, 4294970000, '2024-05-16 08:42:09'),
(0, 57, 35.6, 6, 34.81, 0, 4294970000, '2024-05-16 08:42:10'),
(0, 57, 35.6, 7, 34.81, 0, 4294970000, '2024-05-16 08:42:11'),
(0, 57, 35.6, 7, 34.81, 0, 4294970000, '2024-05-16 08:42:12'),
(0, 57, 35.6, 7, 34.81, 0, 4294970000, '2024-05-16 08:42:13'),
(0, 57, 35.6, 6, 34.81, 0, 4294970000, '2024-05-16 08:42:14'),
(0, 57, 35.6, 6, 34.81, 0, 4294970000, '2024-05-16 08:42:15'),
(0, 57, 35.6, 6, 34.81, 0, 4294970000, '2024-05-16 08:42:16'),
(0, 57, 35.6, 6, 34.81, 0, 4294970000, '2024-05-16 08:42:17'),
(0, 57, 35.6, 7, 34.81, 0, 4294970000, '2024-05-16 08:42:18'),
(0, 57, 35.6, 7, 34.75, 0, 4294970000, '2024-05-16 08:42:19'),
(0, 57, 35.6, 7, 34.75, 0, 4294970000, '2024-05-16 08:42:20'),
(0, 57, 35.6, 6, 34.81, 0, 4294970000, '2024-05-16 08:42:21'),
(0, 57, 35.6, 6, 34.81, 0, 4294970000, '2024-05-16 08:42:22'),
(0, 57, 35.6, 6, 34.81, 0, 4294970000, '2024-05-16 08:42:23'),
(0, 57, 35.6, 6, 34.81, 0, 4294970000, '2024-05-16 08:42:24'),
(0, 57, 35.6, 6, 34.81, 0, 4294970000, '2024-05-16 08:42:25'),
(0, 57, 35.6, 6, 34.81, 0, 4294970000, '2024-05-16 08:42:26'),
(0, 57, 35.6, 6, 34.75, 0, 4294970000, '2024-05-16 08:42:27'),
(0, 57, 35.6, 7, 34.81, 0, 4294970000, '2024-05-16 08:42:28'),
(0, 57, 35.6, 6, 34.81, 0, 4294970000, '2024-05-16 08:42:29'),
(0, 57, 35.6, 6, 34.75, 0, 4294970000, '2024-05-16 08:42:30'),
(0, 57, 35.6, 6, 34.75, 0, 4294970000, '2024-05-16 08:42:31'),
(0, 57, 35.6, 6, 34.81, 0, 4294970000, '2024-05-16 08:42:32'),
(0, 57, 35.6, 6, 34.81, 0, 4294970000, '2024-05-16 08:42:33'),
(0, 57, 35.6, 7, 34.81, 0, 4294970000, '2024-05-16 08:42:34'),
(0, 57, 35.6, 6, 34.81, 0, 4294970000, '2024-05-16 08:42:35'),
(0, 57, 35.6, 6, 34.81, 0, 4294970000, '2024-05-16 08:42:36'),
(0, 57, 35.6, 6, 34.81, 0, 4294970000, '2024-05-16 08:42:37'),
(0, 57, 35.6, 7, 34.81, 0, 4294970000, '2024-05-16 08:42:38'),
(0, 57, 35.6, 6, 34.81, 0, 4294970000, '2024-05-16 08:42:39'),
(0, 57, 35.6, 7, 34.81, 0, 4294970000, '2024-05-16 08:42:40'),
(0, 57, 35.6, 7, 34.81, 0, 4294970000, '2024-05-16 08:42:41'),
(0, 57, 35.6, 6, 34.81, 0, 4294970000, '2024-05-16 08:42:42'),
(0, 57, 35.6, 7, 34.81, 0, 4294970000, '2024-05-16 08:42:43'),
(0, 57, 35.6, 7, 34.81, 0, 4294970000, '2024-05-16 08:42:44'),
(0, 57, 35.6, 7, 34.81, 0, 4294970000, '2024-05-16 08:42:46'),
(0, 57, 35.6, 6, 34.81, 0, 4294970000, '2024-05-16 08:42:47'),
(0, 57, 35.6, 7, 34.81, 0, 4294970000, '2024-05-16 08:42:48'),
(0, 57, 35.6, 6, 34.81, 0, 4294970000, '2024-05-16 08:42:49'),
(0, 57, 35.6, 6, 34.81, 0, 4294970000, '2024-05-16 08:42:50'),
(0, 57, 35.6, 6, 34.81, 0, 4294970000, '2024-05-16 08:42:51'),
(0, 57, 35.6, 7, 34.81, 0, 4294970000, '2024-05-16 08:42:52'),
(0, 57, 35.6, 6, 34.81, 0, 4294970000, '2024-05-16 08:42:53'),
(0, 57, 35.6, 7, 34.81, 0, 4294970000, '2024-05-16 08:42:54'),
(0, 57, 35.6, 7, 34.81, 0, 4294970000, '2024-05-16 08:42:55'),
(0, 57, 35.6, 6, 34.81, 0, 4294970000, '2024-05-16 08:42:56'),
(0, 57, 35.6, 7, 34.81, 0, 4294970000, '2024-05-16 08:42:57'),
(0, 57, 35.6, 6, 34.81, 0, 4294970000, '2024-05-16 08:42:58'),
(0, 57, 35.6, 6, 34.75, 0, 4294970000, '2024-05-16 08:42:59'),
(0, 57, 35.6, 6, 34.81, 0, 4294970000, '2024-05-16 08:43:00'),
(0, 57, 35.6, 6, 34.81, 0, 4294970000, '2024-05-16 08:43:01'),
(0, 57, 35.6, 5, 34.81, 0, 4294970000, '2024-05-16 08:43:02'),
(0, 57, 35.6, 7, 34.81, 0, 4294970000, '2024-05-16 08:43:03'),
(0, 57, 35.6, 7, 34.81, 0, 4294970000, '2024-05-16 08:43:04'),
(0, 57, 35.6, 6, 34.81, 0, 4294970000, '2024-05-16 08:43:05'),
(0, 57, 35.6, 6, 34.81, 0, 4294970000, '2024-05-16 08:43:06'),
(0, 57, 35.6, 7, 34.81, 0, 4294970000, '2024-05-16 08:43:08'),
(0, 57, 35.6, 7, 34.81, 0, 4294970000, '2024-05-16 08:43:08'),
(0, 57, 35.6, 6, 34.88, 0, 4294970000, '2024-05-16 08:43:09'),
(0, 57, 35.6, 7, 34.81, 0, 4294970000, '2024-05-16 08:43:10'),
(0, 57, 35.6, 6, 34.81, 0, 4294970000, '2024-05-16 08:43:11'),
(0, 57, 35.6, 7, 34.88, 0, 4294970000, '2024-05-16 08:43:12'),
(0, 57, 35.6, 7, 34.88, 0, 4294970000, '2024-05-16 08:43:13'),
(0, 57, 35.6, 6, 34.81, 0, 4294970000, '2024-05-16 08:43:14'),
(0, 57, 35.6, 7, 34.81, 0, 4294970000, '2024-05-16 08:43:15'),
(0, 57, 35.6, 7, 34.88, 0, 4294970000, '2024-05-16 08:43:16'),
(0, 57, 35.6, 7, 34.81, 0, 4294970000, '2024-05-16 08:43:17'),
(0, 57, 35.6, 7, 34.81, 0, 4294970000, '2024-05-16 08:43:19'),
(0, 57, 35.6, 7, 34.88, 0, 4294970000, '2024-05-16 08:43:19'),
(0, 57, 35.6, 7, 34.81, 0, 4294970000, '2024-05-16 08:43:20'),
(0, 57, 35.6, 7, 34.81, 0, 4294970000, '2024-05-16 08:43:21'),
(0, 57, 35.6, 365, 34.88, 0, 4294970000, '2024-05-16 08:43:23'),
(0, 57, 35.6, 7, 34.81, 0, 4294970000, '2024-05-16 08:43:24'),
(0, 57, 35.6, 6, 34.88, 0, 4294970000, '2024-05-16 08:43:25'),
(0, 57, 35.6, 456, 34.81, 0, 4294970000, '2024-05-16 08:43:26'),
(0, 57, 35.6, 1024, 34.81, 0, 4294970000, '2024-05-16 08:43:27'),
(0, 57, 35.6, 7, 34.81, 0, 4294970000, '2024-05-16 08:43:28'),
(0, 57, 35.6, 7, 34.88, 0, 4294970000, '2024-05-16 08:43:30'),
(0, 57, 35.6, 1024, 34.81, 0, 4294970000, '2024-05-16 08:43:31'),
(0, 58, 35.6, 1024, 34.88, 0, 4294970000, '2024-05-16 08:43:32'),
(0, 58, 35.6, 1024, 34.81, 0, 4294970000, '2024-05-16 08:43:33'),
(0, 58, 35.6, 1024, 34.81, 0, 4294970000, '2024-05-16 08:43:34'),
(0, 58, 35.6, 7, 34.88, 0, 4294970000, '2024-05-16 08:43:35'),
(0, 58, 35.6, 7, 34.88, 0, 4294970000, '2024-05-16 08:43:36'),
(0, 58, 35.6, 7, 34.88, 0, 4294970000, '2024-05-16 08:43:37'),
(0, 58, 35.6, 7, 34.88, 0, 4294970000, '2024-05-16 08:43:38'),
(0, 58, 35.6, 6, 34.81, 0, 4294970000, '2024-05-16 08:43:39'),
(0, 58, 35.6, 7, 34.81, 0, 4294970000, '2024-05-16 08:43:41'),
(0, 58, 35.6, 7, 34.88, 0, 4294970000, '2024-05-16 08:43:42'),
(0, 58, 35.6, 6, 34.88, 0, 4294970000, '2024-05-16 08:43:43'),
(0, 58, 35.6, 7, 34.88, 0, 4294970000, '2024-05-16 08:43:44'),
(0, 58, 35.6, 6, 34.94, 0, 4294970000, '2024-05-16 08:43:45'),
(0, 58, 35.6, 6, 34.94, 0, 4294970000, '2024-05-16 08:43:46'),
(0, 58, 35.6, 7, 35, 0, 4294970000, '2024-05-16 08:43:47'),
(0, 58, 35.6, 7, 35, 0, 4294970000, '2024-05-16 08:43:48'),
(0, 58, 35.6, 7, 35.06, 0, 4294970000, '2024-05-16 08:43:49'),
(0, 58, 35.6, 7, 35.06, 0, 4294970000, '2024-05-16 08:43:50'),
(0, 58, 35.6, 7, 35.06, 0, 4294970000, '2024-05-16 08:43:51'),
(0, 57, 35.6, 6, 35.13, 0, 4294970000, '2024-05-16 08:43:52'),
(0, 57, 35.6, 5, 35.13, 0, 4294970000, '2024-05-16 08:43:54'),
(0, 58, 35.6, 5, 35.13, 0, 4294970000, '2024-05-16 08:43:55'),
(0, 58, 35.6, 5, 35.13, 0, 4294970000, '2024-05-16 08:43:55'),
(0, 58, 35.6, 5, 35.13, 0, 4294970000, '2024-05-16 08:43:56'),
(0, 58, 35.6, 5, 35.13, 0, 4294970000, '2024-05-16 08:43:57'),
(0, 58, 35.6, 5, 35.13, 0, 4294970000, '2024-05-16 08:43:59'),
(0, 57, 35.6, 5, 35.13, 0, 4294970000, '2024-05-16 08:44:00'),
(0, 57, 35.6, 5, 35.13, 0, 4294970000, '2024-05-16 08:44:00'),
(0, 57, 35.6, 5, 35.13, 0, 4294970000, '2024-05-16 08:44:02'),
(0, 57, 35.6, 5, 35.13, 0, 4294970000, '2024-05-16 08:44:02');

-- --------------------------------------------------------

--
-- Table structure for table `nurses`
--

CREATE TABLE `nurses` (
  `id` int(11) NOT NULL,
  `password` varchar(255) NOT NULL,
  `phone` varchar(20) DEFAULT NULL,
  `address` varchar(255) DEFAULT NULL,
  `name` varchar(255) DEFAULT NULL,
  `email` varchar(255) NOT NULL,
  `role` varchar(20) NOT NULL
) ENGINE=InnoDB DEFAULT CHARSET=utf8mb4 COLLATE=utf8mb4_general_ci;

--
-- Dumping data for table `nurses`
--

INSERT INTO `nurses` (`id`, `password`, `phone`, `address`, `name`, `email`, `role`) VALUES
(3, '$2y$10$FJb5lQzEY9jkN1G032.DC..1GvhYLQk7YmLeQfHEa0FNDaqJdDHei', '01601337085', 'City University', 'Nurs', 'nurs@gmail.com', ''),
(4, '$2y$10$gPzWhr3G8ph.79ekJlI11efhM0dZQZ6EDOm6/QVHL/OnEI1n04BJy', '01601337085', 'City University', 'Miss X', 'nurs2@gmail.com', 'nurses'),
(5, '$2y$10$Oa6.boCAiE4b6zPKspxD6Ou.L.qye0lh4WbBHZCpE7ILaqjruQIJS', '01718337085', 'Mirpur 1', 'Tara', 't@gmail.com', 'nurses');

-- --------------------------------------------------------

--
-- Table structure for table `patients`
--

CREATE TABLE `patients` (
  `id` int(11) NOT NULL,
  `password` varchar(255) NOT NULL,
  `phone` varchar(20) DEFAULT NULL,
  `address` varchar(255) DEFAULT NULL,
  `name` varchar(255) DEFAULT NULL,
  `email` varchar(255) NOT NULL,
  `role` varchar(20) NOT NULL
) ENGINE=InnoDB DEFAULT CHARSET=utf8mb4 COLLATE=utf8mb4_general_ci;

--
-- Dumping data for table `patients`
--

INSERT INTO `patients` (`id`, `password`, `phone`, `address`, `name`, `email`, `role`) VALUES
(12, '$2y$10$n1twnqNv5krazqFQg33GJOqWzqKhSdM/2.JvykZZprOQyK2tA1F16', '01718337085', 'Mirpur 1', 'Mahbubul Huq', 'mahabubpanti@gmail.com', 'patients'),
(13, '$2y$10$BqIxOGmbVidRQuOv8JHghuFPdFLbIR43LYICIu1p4oRLnvYOeD0lu', '549490469496', 'City University', 'Mr Korim', 'korim@gmail.com', 'patients'),
(14, '$2y$10$fz0m0QDHA4LDgItl7S5pjuf0dorw8BV4sTKZbtSGokXDgpAIsEsYS', '01718337085', 'Mirpur 1', 'Mr Korim', 'k@gmail.com', 'patients');

-- --------------------------------------------------------

--
-- Table structure for table `picture`
--

CREATE TABLE `picture` (
  `id` int(11) NOT NULL,
  `user_id` int(11) DEFAULT NULL,
  `image_path` varchar(255) DEFAULT NULL
) ENGINE=InnoDB DEFAULT CHARSET=utf8mb4 COLLATE=utf8mb4_general_ci;

-- --------------------------------------------------------

--
-- Table structure for table `tasks`
--

CREATE TABLE `tasks` (
  `id` int(11) NOT NULL,
  `patient_id` int(11) DEFAULT NULL,
  `nurse_id` int(11) DEFAULT NULL,
  `medicine` varchar(255) DEFAULT NULL,
  `eat_time` datetime DEFAULT NULL,
  `other_details` text DEFAULT NULL,
  `assigned_by_doctor_id` int(11) DEFAULT NULL,
  `task_completed` varchar(120) DEFAULT '0',
  `task_completed_time` datetime DEFAULT NULL
) ENGINE=InnoDB DEFAULT CHARSET=utf8mb4 COLLATE=utf8mb4_general_ci;

--
-- Dumping data for table `tasks`
--

INSERT INTO `tasks` (`id`, `patient_id`, `nurse_id`, `medicine`, `eat_time`, `other_details`, `assigned_by_doctor_id`, `task_completed`, `task_completed_time`) VALUES
(1, 9, 4, 'Napa Extra,Finix', '2024-04-07 01:10:00', 'nan', 3, '1', '2024-04-07 10:18:23'),
(2, 12, 5, 'Napa Extra(0-1-0) Fanadin(1-0-1)', '2024-06-14 22:00:00', 'Task complete in  on time', 9, '1', '2024-06-14 22:00:59'),
(3, 13, 5, 'Napa Extra(0-1-0) Fanadin(1-0-1)', '2024-06-16 11:05:00', 'na', 6, '1', '2024-06-14 22:07:04'),
(4, 13, 5, 'Napa Extra(0-1-0) Fanadin(1-0-1)+ confrim me', '2024-06-16 11:05:00', 'na', 6, '1', '2024-06-14 22:07:05'),
(5, 14, 5, 'Napa Extra(0-1-0) Fanadin(1-0-1)', '2024-06-15 10:00:00', '', 9, '1', '2024-06-14 22:33:39'),
(6, 12, 5, 'Napa Extra(0-1-0) Fanadin(1-0-1)', '2024-06-15 13:35:00', 'na', 9, '1', '2024-06-14 23:22:15'),
(7, 12, 5, 'Napa Extra(0-1-0) Fanadin(1-0-1)', '2024-06-15 14:35:00', 'NA', 9, '1', '2024-06-15 00:37:31');

--
-- Indexes for dumped tables
--

--
-- Indexes for table `appointments`
--
ALTER TABLE `appointments`
  ADD PRIMARY KEY (`id`),
  ADD KEY `doctor_id` (`doctor_id`);

--
-- Indexes for table `doctors`
--
ALTER TABLE `doctors`
  ADD PRIMARY KEY (`id`),
  ADD UNIQUE KEY `email` (`email`);

--
-- Indexes for table `nurses`
--
ALTER TABLE `nurses`
  ADD PRIMARY KEY (`id`),
  ADD UNIQUE KEY `email` (`email`);

--
-- Indexes for table `patients`
--
ALTER TABLE `patients`
  ADD PRIMARY KEY (`id`),
  ADD UNIQUE KEY `email` (`email`);

--
-- Indexes for table `picture`
--
ALTER TABLE `picture`
  ADD PRIMARY KEY (`id`),
  ADD UNIQUE KEY `user_id` (`user_id`);

--
-- Indexes for table `tasks`
--
ALTER TABLE `tasks`
  ADD PRIMARY KEY (`id`),
  ADD KEY `patient_id` (`patient_id`),
  ADD KEY `nurse_id` (`nurse_id`),
  ADD KEY `assigned_by_doctor_id` (`assigned_by_doctor_id`);

--
-- AUTO_INCREMENT for dumped tables
--

--
-- AUTO_INCREMENT for table `appointments`
--
ALTER TABLE `appointments`
  MODIFY `id` int(11) NOT NULL AUTO_INCREMENT, AUTO_INCREMENT=27;

--
-- AUTO_INCREMENT for table `doctors`
--
ALTER TABLE `doctors`
  MODIFY `id` int(11) NOT NULL AUTO_INCREMENT, AUTO_INCREMENT=10;

--
-- AUTO_INCREMENT for table `nurses`
--
ALTER TABLE `nurses`
  MODIFY `id` int(11) NOT NULL AUTO_INCREMENT, AUTO_INCREMENT=6;

--
-- AUTO_INCREMENT for table `patients`
--
ALTER TABLE `patients`
  MODIFY `id` int(11) NOT NULL AUTO_INCREMENT, AUTO_INCREMENT=15;

--
-- AUTO_INCREMENT for table `picture`
--
ALTER TABLE `picture`
  MODIFY `id` int(11) NOT NULL AUTO_INCREMENT, AUTO_INCREMENT=5;

--
-- AUTO_INCREMENT for table `tasks`
--
ALTER TABLE `tasks`
  MODIFY `id` int(11) NOT NULL AUTO_INCREMENT, AUTO_INCREMENT=8;

--
-- Constraints for dumped tables
--

--
-- Constraints for table `appointments`
--
ALTER TABLE `appointments`
  ADD CONSTRAINT `appointments_ibfk_1` FOREIGN KEY (`doctor_id`) REFERENCES `doctors` (`id`);

--
-- Constraints for table `picture`
--
ALTER TABLE `picture`
  ADD CONSTRAINT `picture_ibfk_1` FOREIGN KEY (`user_id`) REFERENCES `patients` (`id`) ON DELETE CASCADE;
COMMIT;

/*!40101 SET CHARACTER_SET_CLIENT=@OLD_CHARACTER_SET_CLIENT */;
/*!40101 SET CHARACTER_SET_RESULTS=@OLD_CHARACTER_SET_RESULTS */;
/*!40101 SET COLLATION_CONNECTION=@OLD_COLLATION_CONNECTION */;
